{
    "learning_rate": 0.00018330836697814855,
    "gamma": 0.9988692600269978,
    "net_arch": "small",
    "optimizer_class": "AdamW",
    "weight_decay": 0.0007935114206729878,
    "activation_fn": "Tanh",
    "ent_coef": 0.00011000830837432675,
    "vf_coef": 0.7279991640609709,
    "max_grad_norm": 0.3641113128596448,
    "gae_lambda": 0.9781574680083079,
    "n_steps": 50
}