{
    "learning_rate": 0.0002487321839497759,
    "gamma": 0.9862992163796496,
    "net_arch": "tiny",
    "optimizer_class": "RMSprop",
    "weight_decay": 5.0503297285112274e-08,
    "activation_fn": "ReLU",
    "ent_coef": 5.959360557810816e-05,
    "vf_coef": 0.6120567113656756,
    "max_grad_norm": 0.8796216902682084,
    "gae_lambda": 0.9709323977779682,
    "n_steps": 1024,
    "clip_range": 0.1825195800786138,
    "batch_size": 64
}