{
    "learning_rate": 0.0004946016657771374,
    "gamma": 0.9554415435628565,
    "net_arch": "medium",
    "optimizer_class": "RMSprop",
    "weight_decay": 5.340000694274957e-05,
    "activation_fn": "Tanh",
    "vf_coef": 0.6432393826557099,
    "max_grad_norm": 0.926350572734064,
    "ent_coef": 2.2617196569020847e-05,
    "gae_lambda": 0.9680905634059256,
    "n_steps": 1024
}