{
    "learning_rate": 0.00038669773458219057,
    "gamma": 0.934960382786731,
    "net_arch": "tiny",
    "optimizer_class": "RMSprop",
    "weight_decay": 0.00016030110754825758,
    "activation_fn": "ReLU",
    "ent_coef": 1.4814359907208346e-05,
    "vf_coef": 0.4638745668312023,
    "max_grad_norm": 0.9290319505538731,
    "gae_lambda": 0.9133639714605961,
    "n_steps": 20
}