{
    "learning_rate": 0.005122586259154804,
    "gamma": 0.9997455014401313,
    "net_arch": "medium",
    "optimizer_class": "RMSprop",
    "weight_decay": 2.6696691505697597e-08,
    "activation_fn": "Tanh",
    "vf_coef": 0.6683089411351547,
    "max_grad_norm": 0.7851667074781986,
    "ent_coef": 9.501089607876799e-05,
    "gae_lambda": 0.9361844125080554,
    "n_steps": 512
}