{
    "learning_rate": 0.006984669583458052,
    "gamma": 0.9874688566833979,
    "net_arch": "tiny",
    "optimizer_class": "AdamW",
    "weight_decay": 9.046572151514961e-07,
    "activation_fn": "ReLU",
    "batch_size": 32,
    "target_update_interval": 1000,
    "train_freq": 16,
    "gradient_steps": 1,
    "exploration_fraction": 0.14699808128008537,
    "exploration_final_eps": 0.07780723736135867
}