{
    "learning_rate": 0.0030895317944050374,
    "gamma": 0.9942452944958157,
    "net_arch": "tiny",
    "optimizer_class": "Adam",
    "weight_decay": 2.913579154949028e-06,
    "activation_fn": "ReLU",
    "batch_size": 256,
    "target_update_interval": 5000,
    "train_freq": 16,
    "gradient_steps": 8,
    "exploration_fraction": 0.256575641774853,
    "exploration_final_eps": 0.021454808591676026
}