{
    "learning_rate": 0.0006263061438826557,
    "gamma": 0.9897638689428574,
    "net_arch": "tiny",
    "optimizer_class": "AdamW",
    "weight_decay": 2.8745688547671547e-08,
    "activation_fn": "ReLU",
    "ent_coef": 5.144251010082038e-05,
    "vf_coef": 0.7284058947928316,
    "max_grad_norm": 0.46999474721575524,
    "gae_lambda": 0.9753815923754151,
    "n_steps": 1024,
    "clip_range": 0.19583693975205654,
    "batch_size": 64
}