{
    "learning_rate": 1.9074604714384596e-05,
    "gamma": 0.9964980010789148,
    "net_arch": "small",
    "optimizer_class": "AdamW",
    "weight_decay": 0.00010184571739353013,
    "activation_fn": "Tanh",
    "batch_size": 256,
    "target_update_interval": 5000,
    "train_freq": 16,
    "gradient_steps": 4,
    "exploration_fraction": 0.46624938988054404,
    "exploration_final_eps": 0.0880439822683039
}